page_likes,page_checkin,daily_crowd,page_category,F1,F2,F3,F4,F5,F6,F7,F8,c1,c2,c3,c4,c5,base_time,post_length,share_count,promotion,h_target,post_day,basetime_day
965964,0,11631,9,446,37.4942166140904,19,57.6472440884201,0,359,12.2618296529968,2,45,45,0,45,45,12,129,114,0,24,saturday,sunday
1204214,0,6418,1,105,5.81818181818182,3,11.3528508256314,0,97,2.04475524475524,0,2,0,1,2,-1,54,38,22,0,24,wednesday,friday
1340759,33935,49392,9,591,58.6540664375716,32,82.0570829730918,0,570,21.864833906071,4,25,0,2,23,-2,72,224,3,0,24,saturday,tuesday
300536,272,28053,24,883,53.0130208333333,38,78.5796592719212,0,604,20.9375,8,28,28,0,28,28,16,92,41,0,24,tuesday,wednesday
